PaymentID,BookingID,Amount,PaymentDate
1,195,116.06,2023-10-18
2,10,101.66,2023-06-17
3,2,191.57,2023-06-23
4,75,414.78,2023-09-18
5,38,760.71,2023-11-15
6,112,701.06,2023-10-09
7,89,821.86,2023-09-03
8,138,73.4,2023-07-19
9,84,29.41,2023-11-01
10,27,89.66,2023-12-30
11,35,384.12,2023-07-01
12,147,425.32,2023-06-02
13,111,510.22,2023-10-29
14,194,623.83,2023-06-13
15,136,616.36,2023-09-28
16,52,290.52,2023-10-29
17,124,401.58,2023-07-07
18,44,839.68,2023-10-10
19,117,793.74,2023-10-13
20,52,801.27,2023-07-25
21,44,162.3,2023-10-18
22,81,799.28,2023-09-07
23,54,241.24,2023-06-19
24,133,644.17,2023-12-07
25,13,884.45,2023-07-11
26,184,548.93,2023-08-23
27,53,169.13,2023-09-10
28,44,757.81,2023-12-25
29,149,458.69,2023-11-01
30,195,648.67,2023-11-26
31,35,403.0,2023-08-25
32,80,410.14,2023-06-21
33,43,76.37,2023-08-08
34,190,290.96,2023-06-02
35,83,254.61,2023-10-11
36,30,865.01,2023-12-05
37,86,842.47,2023-12-18
38,1,497.72,2023-07-26
39,110,863.1,2023-12-12
40,55,961.1,2023-06-20
41,6,257.71,2023-11-07
42,29,384.78,2023-06-18
43,52,11.59,2023-11-19
44,133,760.14,2023-11-13
45,188,330.32,2023-06-23
46,64,881.53,2023-08-05
47,162,958.12,2023-10-23
48,7,999.97,2023-07-03
49,154,438.73,2023-08-30
50,153,130.04,2023-06-05
51,167,716.14,2023-12-07
52,197,577.03,2023-12-01
53,131,471.07,2023-09-01
54,146,67.85,2023-08-18
55,86,484.99,2023-08-13
56,17,702.64,2023-09-11
57,4,597.41,2023-11-28
58,81,848.27,2023-07-19
59,123,179.96,2023-07-26
60,121,570.84,2023-10-13
61,131,118.44,2023-07-17
62,29,915.6,2023-06-24
63,109,623.56,2023-07-20
64,61,253.07,2023-07-14
65,33,815.44,2023-12-14
66,139,466.53,2023-06-03
67,97,958.47,2023-08-13
68,103,859.79,2023-08-15
69,53,157.65,2023-09-26
70,70,646.55,2023-09-18
71,69,757.98,2023-11-23
72,190,897.63,2023-08-27
73,150,522.85,2023-08-12
74,163,494.88,2023-09-03
75,90,813.04,2023-11-21
76,74,860.37,2023-08-23
77,2,359.26,2023-06-17
78,126,630.67,2023-07-19
79,142,603.81,2023-10-07
80,6,889.8,2023-07-28
81,24,727.81,2023-06-29
82,131,604.62,2023-11-21
83,161,118.07,2023-09-13
84,116,331.6,2023-10-26
85,41,2.57,2023-08-09
86,80,156.62,2023-10-04
87,195,422.14,2023-08-25
88,29,337.37,2023-09-18
89,192,863.48,2023-09-12
90,160,42.58,2023-10-30
91,178,977.01,2023-10-18
92,91,81.11,2023-08-11
93,117,367.92,2023-11-13
94,25,289.25,2023-10-30
95,132,122.33,2023-08-12
96,162,996.93,2023-10-17
97,76,87.28,2023-09-07
98,129,933.88,2023-10-23
99,85,259.93,2023-08-05
100,37,628.21,2023-09-16
101,17,235.52,2023-11-18
102,14,337.79,2023-11-17
103,55,630.22,2023-06-23
104,141,683.85,2023-09-16
105,28,835.59,2023-06-11
106,109,394.61,2023-08-04
107,83,228.53,2023-06-19
108,111,708.39,2023-06-09
109,13,625.75,2023-06-25
110,186,363.66,2023-09-04
111,179,801.4,2023-06-01
112,143,371.98,2023-09-08
113,52,595.24,2023-06-20
114,148,967.95,2023-07-02
115,62,212.01,2023-12-09
116,37,548.32,2023-12-29
117,138,140.84,2023-09-03
118,151,336.13,2023-12-22
119,200,845.87,2023-12-12
120,163,706.96,2023-08-02
121,15,28.25,2023-12-27
122,120,131.83,2023-07-05
123,102,382.9,2023-11-18
124,39,816.76,2023-09-17
125,92,691.82,2023-11-01
126,109,810.53,2023-08-30
127,140,494.29,2023-06-27
128,198,312.02,2023-08-16
129,99,927.33,2023-09-05
130,143,959.17,2023-06-02
131,45,266.37,2023-07-06
132,184,403.55,2023-12-14
133,168,127.21,2023-09-20
134,135,381.52,2023-12-15
135,123,260.25,2023-12-21
136,51,859.35,2023-07-04
137,51,795.11,2023-06-26
138,36,356.75,2023-07-14
139,113,363.71,2023-09-16
140,173,626.7,2023-09-24
141,122,640.81,2023-09-04
142,178,860.14,2023-09-19
143,4,627.05,2023-08-08
144,180,149.58,2023-10-18
145,198,604.39,2023-11-17
146,151,280.14,2023-12-22
147,47,542.15,2023-07-29
148,14,120.68,2023-07-09
149,75,350.21,2023-09-12
150,95,943.54,2023-07-02
151,162,95.91,2023-09-23
152,12,546.92,2023-12-29
153,95,340.03,2023-09-19
154,35,29.63,2023-09-02
155,26,801.42,2023-08-03
156,181,158.45,2023-08-16
157,38,617.16,2023-09-05
158,80,803.02,2023-08-05
159,114,38.98,2023-10-18
160,72,974.3,2023-10-04
161,34,511.63,2023-07-10
162,20,476.4,2023-10-03
163,126,741.29,2023-08-31
164,98,85.12,2023-09-02
165,155,950.39,2023-10-05
166,67,0.88,2023-08-03
167,142,276.91,2023-10-23
168,199,414.69,2023-08-20
169,69,742.65,2023-07-18
170,102,418.75,2023-10-08
171,91,314.32,2023-12-30
172,96,880.81,2023-11-16
173,199,579.24,2023-07-06
174,167,711.47,2023-10-10
175,180,677.05,2023-10-21
176,106,1.81,2023-10-13
177,183,369.56,2023-12-20
178,99,974.23,2023-06-27
179,40,557.18,2023-07-16
180,108,390.29,2023-08-13
181,32,549.01,2023-06-16
182,186,431.11,2023-11-28
183,13,112.46,2023-12-26
184,125,782.17,2023-08-18
185,42,461.86,2023-08-05
186,200,132.09,2023-08-18
187,4,587.98,2023-10-23
188,165,692.49,2023-08-28
189,55,222.69,2023-07-03
190,155,745.01,2023-09-24
191,137,164.04,2023-10-02
192,22,869.82,2023-06-04
193,169,984.01,2023-09-14
194,84,858.17,2023-11-15
195,185,456.83,2023-06-30
196,129,973.71,2023-09-16
197,146,667.0,2023-06-09
198,186,954.0,2023-10-02
199,120,336.2,2023-06-13
200,163,506.91,2023-10-23
